what mountain is contained by two states	( call SW.listValue ( call SW.countComparative ( call SW.getProperty ( call SW.singleton fb:en.mountain ) ( string ! type ) ) ( string loc_mountain_state ) ( string = ) ( number 2 ) ( call SW.getProperty ( call SW.singleton fb:en.state ) ( string ! type ) ) ) )
what states have within them mount whitney	( call SW.listValue ( call SW.filter ( call SW.getProperty ( call SW.singleton fb:en.state ) ( string ! type ) ) ( call SW.reverse ( string next_to_state_state ) ) ( string = ) ( call SW.filter ( call SW.getProperty ( call SW.singleton fb:en.state ) ( string ! type ) ) ( call SW.reverse ( string loc_mountain_state ) ) ( string = ) fb:en.mountain.whitney ) ) )
what is the length of the river	( call SW.listValue ( call SW.aggregate ( string sum ) ( call SW.getProperty ( call SW.getProperty ( call SW.singleton fb:en.river ) ( string ! type ) ) ( string len_river_length ) ) ) )
what is the area of the lake	( call SW.listValue ( call SW.aggregate ( string sum ) ( call SW.getProperty ( call SW.getProperty ( call SW.singleton fb:en.lake ) ( string ! type ) ) ( string area_lake_length^2 ) ) ) )
state that has both mount whitney and the death valley within its boundaries	( call SW.listValue ( call SW.filter ( call SW.filter ( call SW.getProperty ( call SW.singleton fb:en.state ) ( string ! type ) ) ( call SW.reverse ( string loc_mountain_state ) ) ( string = ) fb:en.mountain.whitney ) ( call SW.reverse ( string loc_place_state ) ) ( string = ) fb:en.place.death_valley ) )
what place has an elevation smaller than that of death valley	( call SW.listValue ( call SW.filter ( call SW.getProperty ( call SW.singleton fb:en.place ) ( string ! type ) ) ( call SW.ensureNumericProperty ( string elevation_place_length ) ) ( string < ) ( call SW.ensureNumericEntity ( call SW.getProperty fb:en.place.death_valley ( string elevation_place_length ) ) ) ) )
what city is found in two states	( call SW.listValue ( call SW.countComparative ( call SW.getProperty ( call SW.singleton fb:en.city ) ( string ! type ) ) ( string loc_city_state ) ( string = ) ( number 2 ) ( call SW.getProperty ( call SW.singleton fb:en.state ) ( string ! type ) ) ) )
what mountain has the lowest elevation	( call SW.listValue ( call SW.superlative ( call SW.getProperty ( call SW.singleton fb:en.mountain ) ( string ! type ) ) ( string min ) ( call SW.ensureNumericProperty ( string elevation_mountain_length ) ) ) )
what state is the capital of california	( call SW.listValue ( call SW.filter ( call SW.getProperty ( call SW.singleton fb:en.state ) ( string ! type ) ) ( string capital_state_city ) ( string = ) ( call SW.getProperty fb:en.state.california ( string capital_state_city ) ) ) )
states that both contain mount whitney and have the colorado river traversing them	( call SW.listValue ( call SW.filter ( call SW.filter ( call SW.getProperty ( call SW.singleton fb:en.state ) ( string ! type ) ) ( call SW.reverse ( string traverse_river_state ) ) ( string = ) fb:en.river.colorado ) ( call SW.reverse ( string loc_mountain_state ) ) ( string = ) fb:en.mountain.whitney ) )
what cities are found in a state that has death valley	( call SW.listValue ( call SW.filter ( call SW.getProperty ( call SW.singleton fb:en.city ) ( string ! type ) ) ( string loc_city_state ) ( string = ) ( call SW.filter ( call SW.getProperty ( call SW.singleton fb:en.state ) ( string ! type ) ) ( call SW.reverse ( string loc_place_state ) ) ( string = ) fb:en.place.death_valley ) ) )
which lakes have more area than lake tahoe	( call SW.listValue ( call SW.filter ( call SW.getProperty ( call SW.singleton fb:en.lake ) ( string ! type ) ) ( call SW.ensureNumericProperty ( string area_lake_length^2 ) ) ( string <= ) ( call SW.ensureNumericEntity ( call SW.getProperty fb:en.lake.tahoe ( string area_lake_length^2 ) ) ) ) )
what states contain both the colorado river and sacramento	( call SW.listValue ( call SW.filter ( call SW.filter ( call SW.getProperty ( call SW.singleton fb:en.state ) ( string ! type ) ) ( call SW.reverse ( string traverse_river_state ) ) ( string = ) fb:en.river.colorado ) ( call SW.reverse ( string loc_city_state ) ) ( string = ) fb:en.city.sacramento_ca ) )
place with elevation not more than elevation of mount whitney	( call SW.listValue ( call SW.filter ( call SW.getProperty ( call SW.singleton fb:en.place ) ( string ! type ) ) ( call SW.ensureNumericProperty ( string elevation_place_length ) ) ( string <= ) ( call SW.ensureNumericEntity ( call SW.getProperty fb:en.mountain.whitney ( string elevation_mountain_length ) ) ) ) )
what mountain is located in no greater than two states	( call SW.listValue ( call SW.countComparative ( call SW.getProperty ( call SW.singleton fb:en.mountain ) ( string ! type ) ) ( string loc_mountain_state ) ( string <= ) ( number 2 ) ( call SW.getProperty ( call SW.singleton fb:en.state ) ( string ! type ) ) ) )
what city is contained by less than two states	( call SW.listValue ( call SW.countComparative ( call SW.getProperty ( call SW.singleton fb:en.city ) ( string ! type ) ) ( string loc_city_state ) ( string < ) ( number 2 ) ( call SW.getProperty ( call SW.singleton fb:en.state ) ( string ! type ) ) ) )
what river is not in california	( call SW.listValue ( call SW.filter ( call SW.getProperty ( call SW.singleton fb:en.river ) ( string ! type ) ) ( string traverse_river_state ) ( string ! = ) fb:en.state.california ) )
where is smaller that death valley	( call SW.listValue ( call SW.filter ( call SW.getProperty ( call SW.singleton fb:en.place ) ( string ! type ) ) ( call SW.ensureNumericProperty ( string elevation_place_length ) ) ( string < ) ( call SW.ensureNumericEntity ( call SW.getProperty fb:en.place.death_valley ( string elevation_place_length ) ) ) ) )
what is a mountain that has the same elevation as mount whitney	( call SW.listValue ( call SW.filter ( call SW.getProperty ( call SW.singleton fb:en.mountain ) ( string ! type ) ) ( string elevation_mountain_length ) ( string = ) ( call SW.getProperty fb:en.mountain.whitney ( string elevation_mountain_length ) ) ) )
what state does the colorado or red river go through	( call SW.listValue ( call SW.filter ( call SW.getProperty ( call SW.singleton fb:en.state ) ( string ! type ) ) ( call SW.reverse ( string traverse_river_state ) ) ( string = ) ( call SW.concat fb:en.river.colorado fb:en.river.red ) ) )
what lakes are in at least two states	( call SW.listValue ( call SW.countComparative ( call SW.getProperty ( call SW.singleton fb:en.lake ) ( string ! type ) ) ( string loc_lake_state ) ( string >= ) ( number 2 ) ( call SW.getProperty ( call SW.singleton fb:en.state ) ( string ! type ) ) ) )
which state borders california and has sacramento as its capital	( call SW.listValue ( call SW.filter ( call SW.filter ( call SW.getProperty ( call SW.singleton fb:en.state ) ( string ! type ) ) ( string next_to_state_state ) ( string = ) fb:en.state.california ) ( string capital_state_city ) ( string = ) fb:en.city.sacramento_ca ) )
what rivers traverse california or texas	( call SW.listValue ( call SW.filter ( call SW.getProperty ( call SW.singleton fb:en.river ) ( string ! type ) ) ( string traverse_river_state ) ( string = ) ( call SW.concat fb:en.state.california fb:en.state.texas ) ) )
name a lake at least as large in area as lake tahoe	( call SW.listValue ( call SW.filter ( call SW.getProperty ( call SW.singleton fb:en.lake ) ( string ! type ) ) ( call SW.ensureNumericProperty ( string area_lake_length^2 ) ) ( string >= ) ( call SW.ensureNumericEntity ( call SW.getProperty fb:en.lake.tahoe ( string area_lake_length^2 ) ) ) ) )
what state borders california and has the death valley within its borders	( call SW.listValue ( call SW.filter ( call SW.filter ( call SW.getProperty ( call SW.singleton fb:en.state ) ( string ! type ) ) ( string next_to_state_state ) ( string = ) fb:en.state.california ) ( call SW.reverse ( string loc_place_state ) ) ( string = ) fb:en.place.death_valley ) )
what is the average river length	( call SW.listValue ( call SW.aggregate ( string avg ) ( call SW.getProperty ( call SW.getProperty ( call SW.singleton fb:en.river ) ( string ! type ) ) ( string len_river_length ) ) ) )
what locations are found in states that have lake tahoe	( call SW.listValue ( call SW.filter ( call SW.getProperty ( call SW.singleton fb:en.place ) ( string ! type ) ) ( string loc_place_state ) ( string = ) ( call SW.filter ( call SW.getProperty ( call SW.singleton fb:en.state ) ( string ! type ) ) ( call SW.reverse ( string loc_lake_state ) ) ( string = ) fb:en.lake.tahoe ) ) )
what mountains are found in the same state that sacramento is located in	( call SW.listValue ( call SW.filter ( call SW.getProperty ( call SW.singleton fb:en.mountain ) ( string ! type ) ) ( string loc_mountain_state ) ( string = ) ( call SW.filter ( call SW.getProperty ( call SW.singleton fb:en.state ) ( string ! type ) ) ( call SW.reverse ( string loc_city_state ) ) ( string = ) fb:en.city.sacramento_ca ) ) )
what city is bigger than california	( call SW.listValue ( call SW.filter ( call SW.getProperty ( call SW.singleton fb:en.city ) ( string ! type ) ) ( call SW.ensureNumericProperty ( string density_city_count ) ) ( string > ) ( call SW.ensureNumericEntity ( call SW.getProperty fb:en.state.california ( string density_state_count ) ) ) ) )
how high is death valley	( call SW.listValue ( call SW.getProperty fb:en.place.death_valley ( string elevation_place_length ) ) )
what state has the greatest number of cities	( call SW.listValue ( call SW.countSuperlative ( call SW.getProperty ( call SW.singleton fb:en.state ) ( string ! type ) ) ( string max ) ( call SW.reverse ( string loc_city_state ) ) ( call SW.getProperty ( call SW.singleton fb:en.city ) ( string ! type ) ) ) )
what is the capital of the states that contains the colorado river	( call SW.listValue ( call SW.filter ( call SW.getProperty ( call SW.singleton fb:en.city ) ( string ! type ) ) ( call SW.reverse ( string capital_state_city ) ) ( string = ) ( call SW.filter ( call SW.getProperty ( call SW.singleton fb:en.state ) ( string ! type ) ) ( call SW.reverse ( string traverse_river_state ) ) ( string = ) fb:en.river.colorado ) ) )
which state contains mt whitney and is traversed by the colorado river	( call SW.listValue ( call SW.filter ( call SW.filter ( call SW.getProperty ( call SW.singleton fb:en.state ) ( string ! type ) ) ( call SW.reverse ( string traverse_river_state ) ) ( string = ) fb:en.river.colorado ) ( call SW.reverse ( string loc_mountain_state ) ) ( string = ) fb:en.mountain.whitney ) )
what states do not contain lake tahoe	( call SW.listValue ( call SW.filter ( call SW.getProperty ( call SW.singleton fb:en.state ) ( string ! type ) ) ( call SW.reverse ( string loc_lake_state ) ) ( string ! = ) fb:en.lake.tahoe ) )
river that is longer than mount whitneys elevation	( call SW.listValue ( call SW.filter ( call SW.getProperty ( call SW.singleton fb:en.river ) ( string ! type ) ) ( call SW.ensureNumericProperty ( string len_river_length ) ) ( string > ) ( call SW.ensureNumericEntity ( call SW.getProperty fb:en.mountain.whitney ( string elevation_mountain_length ) ) ) ) )
what city has an area at least the size of lake tahoe	( call SW.listValue ( call SW.filter ( call SW.getProperty ( call SW.singleton fb:en.city ) ( string ! type ) ) ( call SW.ensureNumericProperty ( string area_city_length^2 ) ) ( string >= ) ( call SW.ensureNumericEntity ( call SW.getProperty fb:en.lake.tahoe ( string area_lake_length^2 ) ) ) ) )
what city is in two states	( call SW.listValue ( call SW.countComparative ( call SW.getProperty ( call SW.singleton fb:en.city ) ( string ! type ) ) ( string loc_city_state ) ( string = ) ( number 2 ) ( call SW.getProperty ( call SW.singleton fb:en.state ) ( string ! type ) ) ) )
what is the total elevation of a mountain	( call SW.listValue ( call SW.aggregate ( string sum ) ( call SW.getProperty ( call SW.getProperty ( call SW.singleton fb:en.mountain ) ( string ! type ) ) ( string elevation_mountain_length ) ) ) )
what is the total density of city	( call SW.listValue ( call SW.aggregate ( string sum ) ( call SW.getProperty ( call SW.getProperty ( call SW.singleton fb:en.city ) ( string ! type ) ) ( string density_city_count ) ) ) )
what state borders two others	( call SW.listValue ( call SW.countComparative ( call SW.getProperty ( call SW.singleton fb:en.state ) ( string ! type ) ) ( call SW.reverse ( string next_to_state_state ) ) ( string > ) ( number 2 ) ( call SW.getProperty ( call SW.singleton fb:en.state ) ( string ! type ) ) ) )
what state is death valley and sacramento in	( call SW.listValue ( call SW.filter ( call SW.filter ( call SW.getProperty ( call SW.singleton fb:en.state ) ( string ! type ) ) ( call SW.reverse ( string loc_place_state ) ) ( string = ) fb:en.place.death_valley ) ( call SW.reverse ( string loc_city_state ) ) ( string = ) fb:en.city.sacramento_ca ) )
what state has sacramento and the colorado river	( call SW.listValue ( call SW.filter ( call SW.filter ( call SW.getProperty ( call SW.singleton fb:en.state ) ( string ! type ) ) ( call SW.reverse ( string loc_city_state ) ) ( string = ) fb:en.city.sacramento_ca ) ( call SW.reverse ( string traverse_river_state ) ) ( string = ) fb:en.river.colorado ) )
which mountain is no taller than mt witney	( call SW.listValue ( call SW.filter ( call SW.getProperty ( call SW.singleton fb:en.mountain ) ( string ! type ) ) ( call SW.ensureNumericProperty ( string elevation_mountain_length ) ) ( string <= ) ( call SW.ensureNumericEntity ( call SW.getProperty fb:en.mountain.whitney ( string elevation_mountain_length ) ) ) ) )
what state has death valley and mount whitney in it	( call SW.listValue ( call SW.filter ( call SW.filter ( call SW.getProperty ( call SW.singleton fb:en.state ) ( string ! type ) ) ( call SW.reverse ( string loc_place_state ) ) ( string = ) fb:en.place.death_valley ) ( call SW.reverse ( string loc_mountain_state ) ) ( string = ) fb:en.mountain.whitney ) )
what river has an length equal to death valleys elevation	( call SW.listValue ( call SW.filter ( call SW.getProperty ( call SW.singleton fb:en.river ) ( string ! type ) ) ( call SW.ensureNumericProperty ( string len_river_length ) ) ( string >= ) ( call SW.ensureNumericEntity ( call SW.getProperty fb:en.place.death_valley ( string elevation_place_length ) ) ) ) )
what cities have a population density less than california	( call SW.listValue ( call SW.filter ( call SW.getProperty ( call SW.singleton fb:en.city ) ( string ! type ) ) ( call SW.ensureNumericProperty ( string density_city_count ) ) ( string <= ) ( call SW.ensureNumericEntity ( call SW.getProperty fb:en.state.california ( string density_state_count ) ) ) ) )
what state contains lake tahoe and passed by colorado river	( call SW.listValue ( call SW.filter ( call SW.filter ( call SW.getProperty ( call SW.singleton fb:en.state ) ( string ! type ) ) ( call SW.reverse ( string loc_lake_state ) ) ( string = ) fb:en.lake.tahoe ) ( call SW.reverse ( string traverse_river_state ) ) ( string = ) fb:en.river.colorado ) )
what state has the most locations in it	( call SW.listValue ( call SW.countSuperlative ( call SW.getProperty ( call SW.singleton fb:en.state ) ( string ! type ) ) ( string max ) ( call SW.reverse ( string loc_place_state ) ) ( call SW.getProperty ( call SW.singleton fb:en.place ) ( string ! type ) ) ) )
name a state bordering ca	( call SW.listValue ( call SW.filter ( call SW.filter ( call SW.getProperty ( call SW.singleton fb:en.state ) ( string ! type ) ) ( string next_to_state_state ) ( string = ) fb:en.state.california ) ( string next_to_state_state ) ( string = ) fb:en.state.california ) )
what lake is contained by a state that borders ca	( call SW.listValue ( call SW.filter ( call SW.getProperty ( call SW.singleton fb:en.lake ) ( string ! type ) ) ( string loc_lake_state ) ( string = ) ( call SW.filter ( call SW.getProperty ( call SW.singleton fb:en.state ) ( string ! type ) ) ( string next_to_state_state ) ( string = ) fb:en.state.california ) ) )
what is a city in california	( call SW.listValue ( call SW.filter ( call SW.filter ( call SW.getProperty ( call SW.singleton fb:en.city ) ( string ! type ) ) ( string loc_city_state ) ( string = ) fb:en.state.california ) ( string loc_city_state ) ( string = ) fb:en.state.california ) )
what city has a density that is at least that of california	( call SW.listValue ( call SW.filter ( call SW.getProperty ( call SW.singleton fb:en.city ) ( string ! type ) ) ( call SW.ensureNumericProperty ( string density_city_count ) ) ( string >= ) ( call SW.ensureNumericEntity ( call SW.getProperty fb:en.state.california ( string density_state_count ) ) ) ) )
what mountains are in the same state as mount whitney	( call SW.listValue ( call SW.filter ( call SW.getProperty ( call SW.singleton fb:en.mountain ) ( string ! type ) ) ( string loc_mountain_state ) ( string = ) ( call SW.filter ( call SW.getProperty ( call SW.singleton fb:en.state ) ( string ! type ) ) ( call SW.reverse ( string loc_mountain_state ) ) ( string = ) fb:en.mountain.whitney ) ) )
which mountains share the same state as sacramento	( call SW.listValue ( call SW.filter ( call SW.getProperty ( call SW.singleton fb:en.mountain ) ( string ! type ) ) ( string loc_mountain_state ) ( string = ) ( call SW.filter ( call SW.getProperty ( call SW.singleton fb:en.state ) ( string ! type ) ) ( string capital_state_city ) ( string = ) fb:en.city.sacramento_ca ) ) )
what mountains are found in two states	( call SW.listValue ( call SW.countComparative ( call SW.getProperty ( call SW.singleton fb:en.mountain ) ( string ! type ) ) ( string loc_mountain_state ) ( string = ) ( number 2 ) ( call SW.getProperty ( call SW.singleton fb:en.state ) ( string ! type ) ) ) )
what states have a population larger than sacramento	( call SW.listValue ( call SW.filter ( call SW.getProperty ( call SW.singleton fb:en.state ) ( string ! type ) ) ( call SW.ensureNumericProperty ( string population_state_count ) ) ( string > ) ( call SW.ensureNumericEntity ( call SW.getProperty fb:en.city.sacramento_ca ( string population_city_count ) ) ) ) )
what river goes through mount whitneys state	( call SW.listValue ( call SW.filter ( call SW.getProperty ( call SW.singleton fb:en.river ) ( string ! type ) ) ( string traverse_river_state ) ( string = ) ( call SW.filter ( call SW.getProperty ( call SW.singleton fb:en.state ) ( string ! type ) ) ( call SW.reverse ( string loc_mountain_state ) ) ( string = ) fb:en.mountain.whitney ) ) )
what cities are not in california	( call SW.listValue ( call SW.filter ( call SW.getProperty ( call SW.singleton fb:en.city ) ( string ! type ) ) ( string loc_city_state ) ( string ! = ) fb:en.state.california ) )
what states are more populated than california	( call SW.listValue ( call SW.filter ( call SW.getProperty ( call SW.singleton fb:en.state ) ( string ! type ) ) ( call SW.ensureNumericProperty ( string population_state_count ) ) ( string > ) ( call SW.ensureNumericEntity ( call SW.getProperty fb:en.state.california ( string population_state_count ) ) ) ) )
what lakes are contained with california	( call SW.listValue ( call SW.filter ( call SW.getProperty ( call SW.singleton fb:en.lake ) ( string ! type ) ) ( string loc_lake_state ) ( string = ) fb:en.state.california ) )
what state has the greatest land area	( call SW.listValue ( call SW.superlative ( call SW.getProperty ( call SW.singleton fb:en.state ) ( string ! type ) ) ( string max ) ( call SW.ensureNumericProperty ( string area_state_length^2 ) ) ) )
how many people live in california	( call SW.listValue ( call SW.getProperty fb:en.state.california ( string population_state_count ) ) )
what state contains sacramento or austin	( call SW.listValue ( call SW.filter ( call SW.getProperty ( call SW.singleton fb:en.state ) ( string ! type ) ) ( call SW.reverse ( string loc_city_state ) ) ( string = ) ( call SW.concat fb:en.city.sacramento_ca fb:en.city.austin_tx ) ) )
what city is found in the state that contains death valley	( call SW.listValue ( call SW.filter ( call SW.getProperty ( call SW.singleton fb:en.city ) ( string ! type ) ) ( string loc_city_state ) ( string = ) ( call SW.filter ( call SW.getProperty ( call SW.singleton fb:en.state ) ( string ! type ) ) ( call SW.reverse ( string loc_place_state ) ) ( string = ) fb:en.place.death_valley ) ) )
which river is longer in length than the elevation of mt whitney	( call SW.listValue ( call SW.filter ( call SW.getProperty ( call SW.singleton fb:en.river ) ( string ! type ) ) ( call SW.ensureNumericProperty ( string len_river_length ) ) ( string > ) ( call SW.ensureNumericEntity ( call SW.getProperty fb:en.mountain.whitney ( string elevation_mountain_length ) ) ) ) )
what is a major city in california	( call SW.listValue ( call SW.filter ( call SW.filter ( call SW.getProperty ( call SW.singleton fb:en.city ) ( string ! type ) ) ( string loc_city_state ) ( string = ) fb:en.state.california ) ( string major_city ) ) )
what state borders the state with the capital sacramento	( call SW.listValue ( call SW.filter ( call SW.getProperty ( call SW.singleton fb:en.state ) ( string ! type ) ) ( call SW.reverse ( string next_to_state_state ) ) ( string = ) ( call SW.filter ( call SW.getProperty ( call SW.singleton fb:en.state ) ( string ! type ) ) ( string capital_state_city ) ( string = ) fb:en.city.sacramento_ca ) ) )
what is a geographical area in ca	( call SW.listValue ( call SW.getProperty fb:en.state.california ( string area_state_length^2 ) ) )
which mountains are bordered by states that contain california	( call SW.listValue ( call SW.filter ( call SW.getProperty ( call SW.singleton fb:en.mountain ) ( string ! type ) ) ( string loc_mountain_state ) ( string = ) ( call SW.filter ( call SW.getProperty ( call SW.singleton fb:en.state ) ( string ! type ) ) ( string next_to_state_state ) ( string = ) fb:en.state.california ) ) )
what city is the capital of at least 2 states	( call SW.listValue ( call SW.countComparative ( call SW.getProperty ( call SW.singleton fb:en.city ) ( string ! type ) ) ( call SW.reverse ( string capital_state_city ) ) ( string >= ) ( number 2 ) ( call SW.getProperty ( call SW.singleton fb:en.state ) ( string ! type ) ) ) )
locations whose elevation is no more than that of death valley	( call SW.listValue ( call SW.filter ( call SW.getProperty ( call SW.singleton fb:en.place ) ( string ! type ) ) ( call SW.ensureNumericProperty ( string elevation_place_length ) ) ( string <= ) ( call SW.ensureNumericEntity ( call SW.getProperty fb:en.place.death_valley ( string elevation_place_length ) ) ) ) )
name the city that has a density that is less or equal to the density of california	( call SW.listValue ( call SW.filter ( call SW.getProperty ( call SW.singleton fb:en.city ) ( string ! type ) ) ( call SW.ensureNumericProperty ( string density_city_count ) ) ( string >= ) ( call SW.ensureNumericEntity ( call SW.getProperty fb:en.state.california ( string density_state_count ) ) ) ) )
which state that contains the colorado river borders california	( call SW.listValue ( call SW.filter ( call SW.filter ( call SW.getProperty ( call SW.singleton fb:en.state ) ( string ! type ) ) ( string next_to_state_state ) ( string = ) fb:en.state.california ) ( call SW.reverse ( string traverse_river_state ) ) ( string = ) fb:en.river.colorado ) )
what state has two or fewer lakes	( call SW.listValue ( call SW.countComparative ( call SW.getProperty ( call SW.singleton fb:en.state ) ( string ! type ) ) ( call SW.reverse ( string loc_lake_state ) ) ( string <= ) ( number 2 ) ( call SW.getProperty ( call SW.singleton fb:en.lake ) ( string ! type ) ) ) )
what river has a length that is at least mount whitneys elevation	( call SW.listValue ( call SW.filter ( call SW.getProperty ( call SW.singleton fb:en.river ) ( string ! type ) ) ( call SW.ensureNumericProperty ( string len_river_length ) ) ( string >= ) ( call SW.ensureNumericEntity ( call SW.getProperty fb:en.mountain.whitney ( string elevation_mountain_length ) ) ) ) )
which cities have areas the size of lake tahoe	( call SW.listValue ( call SW.filter ( call SW.getProperty ( call SW.singleton fb:en.city ) ( string ! type ) ) ( string area_city_length^2 ) ( string = ) ( call SW.getProperty fb:en.lake.tahoe ( string area_lake_length^2 ) ) ) )
what state has a mountain that is also in california	( call SW.listValue ( call SW.filter ( call SW.getProperty ( call SW.singleton fb:en.state ) ( string ! type ) ) ( call SW.reverse ( string loc_mountain_state ) ) ( string = ) ( call SW.filter ( call SW.getProperty ( call SW.singleton fb:en.mountain ) ( string ! type ) ) ( string loc_mountain_state ) ( string = ) fb:en.state.california ) ) )
what state has mount whitney in it and the colorado river passing through it	( call SW.listValue ( call SW.filter ( call SW.filter ( call SW.getProperty ( call SW.singleton fb:en.state ) ( string ! type ) ) ( call SW.reverse ( string loc_mountain_state ) ) ( string = ) fb:en.mountain.whitney ) ( call SW.reverse ( string traverse_river_state ) ) ( string = ) fb:en.river.colorado ) )
which state has sacramento as the capital	( call SW.listValue ( call SW.filter ( call SW.getProperty ( call SW.singleton fb:en.state ) ( string ! type ) ) ( string capital_state_city ) ( string = ) fb:en.city.sacramento_ca ) )
what city has a density as that of california	( call SW.listValue ( call SW.filter ( call SW.getProperty ( call SW.singleton fb:en.city ) ( string ! type ) ) ( call SW.ensureNumericProperty ( string density_city_count ) ) ( string >= ) ( call SW.ensureNumericEntity ( call SW.getProperty fb:en.state.california ( string density_state_count ) ) ) ) )
in which is mount whitney and colorado river found	( call SW.listValue ( call SW.filter ( call SW.filter ( call SW.getProperty ( call SW.singleton fb:en.state ) ( string ! type ) ) ( call SW.reverse ( string traverse_river_state ) ) ( string = ) fb:en.river.colorado ) ( call SW.reverse ( string loc_mountain_state ) ) ( string = ) fb:en.mountain.whitney ) )
what lake is larger than the area of california	( call SW.listValue ( call SW.filter ( call SW.getProperty ( call SW.singleton fb:en.lake ) ( string ! type ) ) ( call SW.ensureNumericProperty ( string area_lake_length^2 ) ) ( string > ) ( call SW.ensureNumericEntity ( call SW.getProperty fb:en.state.california ( string area_state_length^2 ) ) ) ) )
what river has the same length as the colorado river	( call SW.listValue ( call SW.filter ( call SW.getProperty ( call SW.singleton fb:en.river ) ( string ! type ) ) ( string len_river_length ) ( string = ) ( call SW.getProperty fb:en.river.colorado ( string len_river_length ) ) ) )
note the city that has a density equal to that of california	( call SW.listValue ( call SW.filter ( call SW.getProperty ( call SW.singleton fb:en.city ) ( string ! type ) ) ( string density_city_count ) ( string = ) ( call SW.getProperty fb:en.state.california ( string density_state_count ) ) ) )
what is the lake with the smallest area	( call SW.listValue ( call SW.superlative ( call SW.getProperty ( call SW.singleton fb:en.lake ) ( string ! type ) ) ( string min ) ( call SW.ensureNumericProperty ( string area_lake_length^2 ) ) ) )
what state has only one of these places	( call SW.listValue ( call SW.countComparative ( call SW.getProperty ( call SW.singleton fb:en.state ) ( string ! type ) ) ( call SW.reverse ( string loc_place_state ) ) ( string < ) ( number 2 ) ( call SW.getProperty ( call SW.singleton fb:en.place ) ( string ! type ) ) ) )
colorado river name	( call SW.listValue ( call SW.concat fb:en.river.colorado fb:en.river.red ) )
what state next to california is mount whitney in	( call SW.listValue ( call SW.filter ( call SW.filter ( call SW.getProperty ( call SW.singleton fb:en.state ) ( string ! type ) ) ( call SW.reverse ( string next_to_state_state ) ) ( string = ) fb:en.state.california ) ( call SW.reverse ( string loc_mountain_state ) ) ( string = ) fb:en.mountain.whitney ) )
states with two or more cities	( call SW.listValue ( call SW.countComparative ( call SW.getProperty ( call SW.singleton fb:en.state ) ( string ! type ) ) ( call SW.reverse ( string loc_city_state ) ) ( string > ) ( number 2 ) ( call SW.getProperty ( call SW.singleton fb:en.city ) ( string ! type ) ) ) )
what is the area of each state	( call SW.listValue ( call SW.aggregate ( string sum ) ( call SW.getProperty ( call SW.getProperty ( call SW.singleton fb:en.state ) ( string ! type ) ) ( string area_state_length^2 ) ) ) )
what state has less than two locations	( call SW.listValue ( call SW.countComparative ( call SW.getProperty ( call SW.singleton fb:en.state ) ( string ! type ) ) ( call SW.reverse ( string loc_place_state ) ) ( string < ) ( number 2 ) ( call SW.getProperty ( call SW.singleton fb:en.place ) ( string ! type ) ) ) )
which river crosses less than two states	( call SW.listValue ( call SW.countComparative ( call SW.getProperty ( call SW.singleton fb:en.river ) ( string ! type ) ) ( string traverse_river_state ) ( string < ) ( number 2 ) ( call SW.getProperty ( call SW.singleton fb:en.state ) ( string ! type ) ) ) )
which state has the lowest number of capitals	( call SW.listValue ( call SW.countSuperlative ( call SW.getProperty ( call SW.singleton fb:en.state ) ( string ! type ) ) ( string min ) ( string capital_state_city ) ) )
what place is at the same height as mount whitney	( call SW.listValue ( call SW.filter ( call SW.getProperty ( call SW.singleton fb:en.place ) ( string ! type ) ) ( string elevation_place_length ) ( string = ) ( call SW.getProperty fb:en.mountain.whitney ( string elevation_mountain_length ) ) ) )
what city has a smaller density than california	( call SW.listValue ( call SW.filter ( call SW.getProperty ( call SW.singleton fb:en.city ) ( string ! type ) ) ( call SW.ensureNumericProperty ( string density_city_count ) ) ( string < ) ( call SW.ensureNumericEntity ( call SW.getProperty fb:en.state.california ( string density_state_count ) ) ) ) )
which state has sacramento as its capital and which has lake tahoe in it	( call SW.listValue ( call SW.filter ( call SW.filter ( call SW.getProperty ( call SW.singleton fb:en.state ) ( string ! type ) ) ( call SW.reverse ( string loc_lake_state ) ) ( string = ) fb:en.lake.tahoe ) ( string capital_state_city ) ( string = ) fb:en.city.sacramento_ca ) )
what cities are in the same state as death valley	( call SW.listValue ( call SW.filter ( call SW.getProperty ( call SW.singleton fb:en.city ) ( string ! type ) ) ( string loc_city_state ) ( string = ) ( call SW.filter ( call SW.getProperty ( call SW.singleton fb:en.state ) ( string ! type ) ) ( call SW.reverse ( string loc_place_state ) ) ( string = ) fb:en.place.death_valley ) ) )
what mountains have the same elevation of mount whitney	( call SW.listValue ( call SW.filter ( call SW.getProperty ( call SW.singleton fb:en.mountain ) ( string ! type ) ) ( string elevation_mountain_length ) ( string = ) ( call SW.getProperty fb:en.mountain.whitney ( string elevation_mountain_length ) ) ) )
name a city at least as great in area as lake tahoe	( call SW.listValue ( call SW.filter ( call SW.getProperty ( call SW.singleton fb:en.city ) ( string ! type ) ) ( call SW.ensureNumericProperty ( string area_city_length^2 ) ) ( string >= ) ( call SW.ensureNumericEntity ( call SW.getProperty fb:en.lake.tahoe ( string area_lake_length^2 ) ) ) ) )
what mountain has higher elevation than death valley	( call SW.listValue ( call SW.filter ( call SW.getProperty ( call SW.singleton fb:en.mountain ) ( string ! type ) ) ( call SW.ensureNumericProperty ( string elevation_mountain_length ) ) ( string > ) ( call SW.ensureNumericEntity ( call SW.getProperty fb:en.place.death_valley ( string elevation_place_length ) ) ) ) )
