employee who left after alice started	( call SW.listValue ( call SW.getProperty ( ( lambda s ( call SW.filter ( var s ) ( call SW.ensureNumericProperty ( string employment_end_date ) ) ( string > ) ( call SW.ensureNumericEntity ( call SW.getProperty ( call SW.getProperty en.person.alice ( call SW.reverse ( string employee ) ) ) ( string employment_start_date ) ) ) ) ) ( call SW.domain ( string employee ) ) ) ( string employee ) ) )
find employees with end dates that are no greater than employee alice	( call SW.listValue ( call SW.getProperty ( ( lambda s ( call SW.filter ( var s ) ( call SW.ensureNumericProperty ( string employment_end_date ) ) ( string <= ) ( call SW.ensureNumericEntity ( call SW.getProperty ( call SW.getProperty en.person.alice ( call SW.reverse ( string employee ) ) ) ( string employment_end_date ) ) ) ) ) ( call SW.domain ( string employee ) ) ) ( string employee ) ) )
who is alices employer since 2004	( call SW.listValue ( call SW.getProperty ( call SW.filter ( call SW.getProperty en.person.alice ( call SW.reverse ( string employee ) ) ) ( string employment_start_date ) ( string = ) ( date 2004 -1 -1 ) ) ( string employer ) ) )
what city has a birthplace of a person who is at least 180 cm	( call SW.listValue ( call SW.filter ( call SW.getProperty ( call SW.singleton en.city ) ( string ! type ) ) ( call SW.reverse ( string birthplace ) ) ( string = ) ( call SW.filter ( call SW.getProperty ( call SW.singleton en.person ) ( string ! type ) ) ( string height ) ( string = ) ( number 180 en.cm ) ) ) )
people born on or after the date alice started working	( call SW.listValue ( call SW.filter ( call SW.getProperty ( call SW.singleton en.person ) ( string ! type ) ) ( call SW.ensureNumericProperty ( string birthdate ) ) ( string >= ) ( call SW.ensureNumericEntity ( call SW.getProperty ( call SW.getProperty en.person.alice ( call SW.reverse ( string employee ) ) ) ( string employment_start_date ) ) ) ) )
find all single people born in 2004	( call SW.listValue ( call SW.filter ( call SW.filter ( call SW.getProperty ( call SW.singleton en.person ) ( string ! type ) ) ( string relationship_status ) ( string = ) en.relationship_status.single ) ( string birthdate ) ( string = ) ( date 2004 -1 -1 ) ) )
employees whose last day is before alice	( call SW.listValue ( call SW.getProperty ( ( lambda s ( call SW.filter ( var s ) ( call SW.ensureNumericProperty ( string employment_end_date ) ) ( string < ) ( call SW.ensureNumericEntity ( call SW.getProperty en.person.alice ( string birthdate ) ) ) ) ) ( call SW.domain ( string employee ) ) ) ( string employee ) ) )
find friends of students whose last day is before 2004	( call SW.listValue ( call SW.filter ( call SW.getProperty ( call SW.singleton en.person ) ( string ! type ) ) ( call SW.reverse ( string friend ) ) ( string = ) ( call SW.getProperty ( ( lambda s ( call SW.filter ( var s ) ( call SW.ensureNumericProperty ( string education_end_date ) ) ( string < ) ( call SW.ensureNumericEntity ( date 2004 -1 -1 ) ) ) ) ( call SW.domain ( string student ) ) ) ( string student ) ) ) )
people born before alice	( call SW.listValue ( call SW.filter ( call SW.getProperty ( call SW.singleton en.person ) ( string ! type ) ) ( call SW.ensureNumericProperty ( string birthdate ) ) ( string < ) ( call SW.ensureNumericEntity ( call SW.getProperty en.person.alice ( string birthdate ) ) ) ) )
which employees start date is the same as alice	( call SW.listValue ( call SW.getProperty ( ( lambda s ( call SW.filter ( var s ) ( string employment_start_date ) ( string = ) ( call SW.getProperty ( call SW.getProperty en.person.alice ( call SW.reverse ( string employee ) ) ) ( string employment_start_date ) ) ) ) ( call SW.domain ( string employee ) ) ) ( string employee ) ) )
which employeess last day was no earlier than alices first day	( call SW.listValue ( call SW.getProperty ( ( lambda s ( call SW.filter ( var s ) ( call SW.ensureNumericProperty ( string employment_end_date ) ) ( string >= ) ( call SW.ensureNumericEntity ( call SW.getProperty ( call SW.getProperty en.person.alice ( call SW.reverse ( string employee ) ) ) ( string employment_start_date ) ) ) ) ) ( call SW.domain ( string employee ) ) ) ( string employee ) ) )
what is alices end date when she was a student	( call SW.listValue ( call SW.getProperty ( call SW.getProperty en.person.alice ( call SW.reverse ( string student ) ) ) ( string education_end_date ) ) )
who is friends with students who start date is 2004	( call SW.listValue ( call SW.filter ( call SW.getProperty ( call SW.singleton en.person ) ( string ! type ) ) ( call SW.reverse ( string friend ) ) ( string = ) ( call SW.getProperty ( ( lambda s ( call SW.filter ( var s ) ( call SW.ensureNumericProperty ( string education_start_date ) ) ( string >= ) ( call SW.ensureNumericEntity ( date 2004 -1 -1 ) ) ) ) ( call SW.domain ( string student ) ) ) ( string student ) ) ) )
what gender is the employee who started in 2004	( call SW.listValue ( call SW.filter ( call SW.getProperty ( call SW.singleton en.gender ) ( string ! type ) ) ( call SW.reverse ( string gender ) ) ( string = ) ( call SW.getProperty ( ( lambda s ( call SW.filter ( var s ) ( call SW.ensureNumericProperty ( string employment_end_date ) ) ( string >= ) ( call SW.ensureNumericEntity ( date 2004 -1 -1 ) ) ) ) ( call SW.domain ( string employee ) ) ) ( string employee ) ) ) )
where were the people that started working after 2004 born	( call SW.listValue ( call SW.filter ( call SW.getProperty ( call SW.singleton en.city ) ( string ! type ) ) ( call SW.reverse ( string birthplace ) ) ( string = ) ( call SW.getProperty ( ( lambda s ( call SW.filter ( var s ) ( call SW.ensureNumericProperty ( string employment_start_date ) ) ( string > ) ( call SW.ensureNumericEntity ( date 2004 -1 -1 ) ) ) ) ( call SW.domain ( string employee ) ) ) ( string employee ) ) ) )
what employee has a end date that is before the end date of alice	( call SW.listValue ( call SW.getProperty ( ( lambda s ( call SW.filter ( var s ) ( call SW.ensureNumericProperty ( string employment_end_date ) ) ( string < ) ( call SW.ensureNumericEntity ( call SW.getProperty ( call SW.getProperty en.person.alice ( call SW.reverse ( string student ) ) ) ( string education_end_date ) ) ) ) ) ( call SW.domain ( string employee ) ) ) ( string employee ) ) )
people who work at mckinsey or google	( call SW.listValue ( call SW.concat en.company.mckinsey en.company.google ) )
which city were at least two people born in	( call SW.listValue ( call SW.countComparative ( call SW.getProperty ( call SW.singleton en.city ) ( string ! type ) ) ( call SW.reverse ( string birthplace ) ) ( string >= ) ( number 2 ) ( call SW.getProperty ( call SW.singleton en.person ) ( string ! type ) ) ) )
find me the friends of the employee who started before 2004	( call SW.listValue ( call SW.filter ( call SW.getProperty ( call SW.singleton en.person ) ( string ! type ) ) ( string friend ) ( string = ) ( call SW.getProperty ( ( lambda s ( call SW.filter ( var s ) ( call SW.ensureNumericProperty ( string employment_start_date ) ) ( string < ) ( call SW.ensureNumericEntity ( date 2004 -1 -1 ) ) ) ) ( call SW.domain ( string employee ) ) ) ( string employee ) ) ) )
gender of employee whose start date is not 2004	( call SW.listValue ( call SW.filter ( call SW.getProperty ( call SW.singleton en.gender ) ( string ! type ) ) ( call SW.reverse ( string gender ) ) ( string = ) ( call SW.getProperty ( ( lambda s ( call SW.filter ( var s ) ( string employment_start_date ) ( string ! = ) ( date 2004 -1 -1 ) ) ) ( call SW.domain ( string employee ) ) ) ( string employee ) ) ) )
when did alice join at brown university	( call SW.listValue ( call SW.getProperty ( call SW.filter ( call SW.getProperty en.person.alice ( call SW.reverse ( string student ) ) ) ( string university ) ( string = ) en.university.brown ) ( string education_start_date ) ) )
find the birthplace city of students who have a start date later than 2004	( call SW.listValue ( call SW.filter ( call SW.getProperty ( call SW.singleton en.city ) ( string ! type ) ) ( call SW.reverse ( string birthplace ) ) ( string = ) ( call SW.getProperty ( ( lambda s ( call SW.filter ( var s ) ( call SW.ensureNumericProperty ( string education_start_date ) ) ( string > ) ( call SW.ensureNumericEntity ( date 2004 -1 -1 ) ) ) ) ( call SW.domain ( string student ) ) ) ( string student ) ) ) )
find people with a height of 180 cm who are the same gender as alice	( call SW.listValue ( call SW.filter ( call SW.filter ( call SW.getProperty ( call SW.singleton en.person ) ( string ! type ) ) ( string height ) ( string = ) ( number 180 en.cm ) ) ( call SW.reverse ( string gender ) ) ( string = ) en.person.alice ) )
alices friends who are singles	( call SW.listValue ( call SW.filter ( call SW.filter ( call SW.getProperty ( call SW.singleton en.person ) ( string ! type ) ) ( call SW.reverse ( string friend ) ) ( string = ) en.person.alice ) ( string relationship_status ) ( string = ) en.relationship_status.single ) )
employees who started before 2004	( call SW.listValue ( call SW.getProperty ( ( lambda s ( call SW.filter ( var s ) ( call SW.ensureNumericProperty ( string employment_start_date ) ) ( string < ) ( call SW.ensureNumericEntity ( date 2004 -1 -1 ) ) ) ) ( call SW.domain ( string employee ) ) ) ( string employee ) ) )
2004 graduates friends	( call SW.listValue ( call SW.filter ( call SW.getProperty ( call SW.singleton en.person ) ( string ! type ) ) ( call SW.reverse ( string friend ) ) ( string = ) ( call SW.getProperty ( ( lambda s ( call SW.filter ( var s ) ( call SW.ensureNumericProperty ( string education_end_date ) ) ( string <= ) ( call SW.ensureNumericEntity ( date 2004 -1 -1 ) ) ) ) ( call SW.domain ( string student ) ) ) ( string student ) ) ) )
an employee ending before or when alice ends	( call SW.listValue ( call SW.getProperty ( ( lambda s ( call SW.filter ( var s ) ( call SW.ensureNumericProperty ( string employment_end_date ) ) ( string <= ) ( call SW.ensureNumericEntity ( call SW.getProperty ( call SW.getProperty en.person.alice ( call SW.reverse ( string student ) ) ) ( string education_end_date ) ) ) ) ) ( call SW.domain ( string employee ) ) ) ( string employee ) ) )
birth city of employee whose end date is not after 2004	( call SW.listValue ( call SW.filter ( call SW.getProperty ( call SW.singleton en.city ) ( string ! type ) ) ( call SW.reverse ( string birthplace ) ) ( string = ) ( call SW.getProperty ( ( lambda s ( call SW.filter ( var s ) ( call SW.ensureNumericProperty ( string employment_end_date ) ) ( string <= ) ( call SW.ensureNumericEntity ( date 2004 -1 -1 ) ) ) ) ( call SW.domain ( string employee ) ) ) ( string employee ) ) ) )
people who were born in the same city as alice	( call SW.listValue ( call SW.filter ( call SW.getProperty ( call SW.singleton en.person ) ( string ! type ) ) ( string birthplace ) ( string = ) ( call SW.filter ( call SW.getProperty ( call SW.singleton en.city ) ( string ! type ) ) ( call SW.reverse ( string birthplace ) ) ( string = ) en.person.alice ) ) )
people that work for less than two employers	( call SW.listValue ( call SW.getProperty ( ( lambda s ( call SW.countComparative ( var s ) ( string employer ) ( string < ) ( number 2 ) ) ) ( call SW.domain ( string employee ) ) ) ( string employee ) ) )
who is born in a city where alice is born	( call SW.listValue ( call SW.filter ( call SW.getProperty ( call SW.singleton en.person ) ( string ! type ) ) ( string birthplace ) ( string = ) ( call SW.filter ( call SW.getProperty ( call SW.singleton en.city ) ( string ! type ) ) ( call SW.reverse ( string birthplace ) ) ( string = ) en.person.alice ) ) )
who has more than two genders	( call SW.listValue ( call SW.countComparative ( call SW.getProperty ( call SW.singleton en.person ) ( string ! type ) ) ( string gender ) ( string > ) ( number 2 ) ) )
friends of alice	( call SW.listValue ( call SW.filter ( call SW.filter ( call SW.getProperty ( call SW.singleton en.person ) ( string ! type ) ) ( call SW.reverse ( string friend ) ) ( string = ) en.person.alice ) ( call SW.reverse ( string friend ) ) ( string = ) en.person.alice ) )
students who did not graduate before 2004	( call SW.listValue ( call SW.getProperty ( ( lambda s ( call SW.filter ( var s ) ( call SW.ensureNumericProperty ( string education_end_date ) ) ( string >= ) ( call SW.ensureNumericEntity ( date 2004 -1 -1 ) ) ) ) ( call SW.domain ( string student ) ) ) ( string student ) ) )
find birthplaces of students whose last day was in 2004 or later	( call SW.listValue ( call SW.filter ( call SW.getProperty ( call SW.singleton en.city ) ( string ! type ) ) ( call SW.reverse ( string birthplace ) ) ( string = ) ( call SW.getProperty ( ( lambda s ( call SW.filter ( var s ) ( call SW.ensureNumericProperty ( string education_end_date ) ) ( string >= ) ( call SW.ensureNumericEntity ( date 2004 -1 -1 ) ) ) ) ( call SW.domain ( string student ) ) ) ( string student ) ) ) )
all people currently online	( call SW.listValue ( call SW.filter ( call SW.getProperty ( call SW.singleton en.person ) ( string ! type ) ) ( string logged_in ) ) )
gender which is gender of less than three persons	( call SW.listValue ( call SW.countComparative ( call SW.getProperty ( call SW.singleton en.gender ) ( string ! type ) ) ( call SW.reverse ( string gender ) ) ( string <= ) ( number 2 ) ( call SW.getProperty ( call SW.singleton en.person ) ( string ! type ) ) ) )
what person is a 180 cm tall male	( call SW.listValue ( call SW.filter ( call SW.filter ( call SW.getProperty ( call SW.singleton en.person ) ( string ! type ) ) ( string height ) ( string = ) ( number 180 en.cm ) ) ( string gender ) ( string = ) en.gender.male ) )
what students have a start date that is the same as student alice	( call SW.listValue ( call SW.getProperty ( ( lambda s ( call SW.filter ( var s ) ( string education_start_date ) ( string = ) ( call SW.getProperty ( call SW.getProperty en.person.alice ( call SW.reverse ( string student ) ) ) ( string education_start_date ) ) ) ) ( call SW.domain ( string student ) ) ) ( string student ) ) )
people who have friends and started working after 2004	( call SW.listValue ( call SW.filter ( call SW.getProperty ( call SW.singleton en.person ) ( string ! type ) ) ( call SW.reverse ( string friend ) ) ( string = ) ( call SW.getProperty ( ( lambda s ( call SW.filter ( var s ) ( call SW.ensureNumericProperty ( string employment_start_date ) ) ( string > ) ( call SW.ensureNumericEntity ( date 2004 -1 -1 ) ) ) ) ( call SW.domain ( string employee ) ) ) ( string employee ) ) ) )
who is friends with the person who isnt a software engineer	( call SW.listValue ( call SW.filter ( call SW.getProperty ( call SW.singleton en.person ) ( string ! type ) ) ( call SW.reverse ( string friend ) ) ( string = ) ( call SW.getProperty ( ( lambda s ( call SW.filter ( var s ) ( string job_title ) ( string ! = ) en.job_title.software_engineer ) ) ( call SW.domain ( string employee ) ) ) ( string employee ) ) ) )
where were working people that did not stop in 2004 born	( call SW.listValue ( call SW.filter ( call SW.getProperty ( call SW.singleton en.city ) ( string ! type ) ) ( call SW.reverse ( string birthplace ) ) ( string = ) ( call SW.getProperty ( ( lambda s ( call SW.filter ( var s ) ( string employment_end_date ) ( string ! = ) ( date 2004 -1 -1 ) ) ) ( call SW.domain ( string employee ) ) ) ( string employee ) ) ) )
males that alice is friends with	( call SW.listValue ( call SW.filter ( call SW.filter ( call SW.getProperty ( call SW.singleton en.person ) ( string ! type ) ) ( call SW.reverse ( string friend ) ) ( string = ) en.person.alice ) ( string gender ) ( string = ) en.gender.male ) )
a student who started before 2004 or 2010	( call SW.listValue ( call SW.getProperty ( ( lambda s ( call SW.filter ( var s ) ( call SW.ensureNumericProperty ( string education_start_date ) ) ( string > ) ( call SW.ensureNumericEntity ( call SW.concat ( date 2004 -1 -1 ) ( date 2010 -1 -1 ) ) ) ) ) ( call SW.domain ( string student ) ) ) ( string student ) ) )
which employee ended earlier than 2004	( call SW.listValue ( call SW.getProperty ( ( lambda s ( call SW.filter ( var s ) ( call SW.ensureNumericProperty ( string employment_end_date ) ) ( string < ) ( call SW.ensureNumericEntity ( date 2004 -1 -1 ) ) ) ) ( call SW.domain ( string employee ) ) ) ( string employee ) ) )
find me all the relationship statuses of employees who started job after 2004	( call SW.listValue ( call SW.filter ( call SW.getProperty ( call SW.singleton en.relationship_status ) ( string ! type ) ) ( call SW.reverse ( string relationship_status ) ) ( string = ) ( call SW.getProperty ( ( lambda s ( call SW.filter ( var s ) ( call SW.ensureNumericProperty ( string employment_end_date ) ) ( string > ) ( call SW.ensureNumericEntity ( date 2004 -1 -1 ) ) ) ) ( call SW.domain ( string employee ) ) ) ( string employee ) ) ) )
birthplaces of people who quit their jobs after 2004	( call SW.listValue ( call SW.filter ( call SW.getProperty ( call SW.singleton en.city ) ( string ! type ) ) ( call SW.reverse ( string birthplace ) ) ( string = ) ( call SW.getProperty ( ( lambda s ( call SW.filter ( var s ) ( call SW.ensureNumericProperty ( string employment_end_date ) ) ( string > ) ( call SW.ensureNumericEntity ( date 2004 -1 -1 ) ) ) ) ( call SW.domain ( string employee ) ) ) ( string employee ) ) ) )
employees whose end date is later than alices start date	( call SW.listValue ( call SW.getProperty ( ( lambda s ( call SW.filter ( var s ) ( call SW.ensureNumericProperty ( string employment_end_date ) ) ( string > ) ( call SW.ensureNumericEntity ( call SW.getProperty ( call SW.getProperty en.person.alice ( call SW.reverse ( string student ) ) ) ( string education_start_date ) ) ) ) ) ( call SW.domain ( string employee ) ) ) ( string employee ) ) )
what gender has the most people	( call SW.listValue ( call SW.countSuperlative ( call SW.getProperty ( call SW.singleton en.gender ) ( string ! type ) ) ( string max ) ( call SW.reverse ( string gender ) ) ( call SW.getProperty ( call SW.singleton en.person ) ( string ! type ) ) ) )
which city were people who are 180 cm tall born in	( call SW.listValue ( call SW.filter ( call SW.getProperty ( call SW.singleton en.city ) ( string ! type ) ) ( call SW.reverse ( string birthplace ) ) ( string = ) ( call SW.filter ( call SW.getProperty ( call SW.singleton en.person ) ( string ! type ) ) ( string height ) ( string = ) ( number 180 en.cm ) ) ) )
name an employee who quit before alice was born	( call SW.listValue ( call SW.getProperty ( ( lambda s ( call SW.filter ( var s ) ( call SW.ensureNumericProperty ( string employment_end_date ) ) ( string <= ) ( call SW.ensureNumericEntity ( call SW.getProperty en.person.alice ( string birthdate ) ) ) ) ) ( call SW.domain ( string employee ) ) ) ( string employee ) ) )
what sex are the employees who did not start in 2004	( call SW.listValue ( call SW.filter ( call SW.getProperty ( call SW.singleton en.gender ) ( string ! type ) ) ( call SW.reverse ( string gender ) ) ( string = ) ( call SW.getProperty ( ( lambda s ( call SW.filter ( var s ) ( string employment_start_date ) ( string ! = ) ( date 2004 -1 -1 ) ) ) ( call SW.domain ( string employee ) ) ) ( string employee ) ) ) )
when did alice start attending school	( call SW.listValue ( call SW.getProperty ( call SW.getProperty en.person.alice ( call SW.reverse ( string student ) ) ) ( string education_start_date ) ) )
find students starting on or after alices last day	( call SW.listValue ( call SW.getProperty ( ( lambda s ( call SW.filter ( var s ) ( call SW.ensureNumericProperty ( string education_start_date ) ) ( string >= ) ( call SW.ensureNumericEntity ( call SW.getProperty ( call SW.getProperty en.person.alice ( call SW.reverse ( string student ) ) ) ( string education_end_date ) ) ) ) ) ( call SW.domain ( string student ) ) ) ( string student ) ) )
which students started before the day alice graduated	( call SW.listValue ( call SW.getProperty ( ( lambda s ( call SW.filter ( var s ) ( call SW.ensureNumericProperty ( string education_start_date ) ) ( string < ) ( call SW.ensureNumericEntity ( call SW.getProperty ( call SW.getProperty en.person.alice ( call SW.reverse ( string student ) ) ) ( string education_end_date ) ) ) ) ) ( call SW.domain ( string student ) ) ) ( string student ) ) )
list the relationship status of people who quit their jobs before 2005	( call SW.listValue ( call SW.filter ( call SW.getProperty ( call SW.singleton en.relationship_status ) ( string ! type ) ) ( call SW.reverse ( string relationship_status ) ) ( string = ) ( call SW.getProperty ( ( lambda s ( call SW.filter ( var s ) ( call SW.ensureNumericProperty ( string employment_end_date ) ) ( string <= ) ( call SW.ensureNumericEntity ( date 2004 -1 -1 ) ) ) ) ( call SW.domain ( string employee ) ) ) ( string employee ) ) ) )
what people have an end date of 2004 and height of 180 cm	( call SW.listValue ( call SW.filter ( call SW.filter ( call SW.getProperty ( call SW.singleton en.person ) ( string ! type ) ) ( string height ) ( string = ) ( number 180 en.cm ) ) ( string education_end_date ) ( string = ) ( date 2004 -1 -1 ) ) )
what employee has the same birthday as alice	( call SW.listValue ( call SW.getProperty ( ( lambda s ( call SW.filter ( var s ) ( call SW.ensureNumericProperty ( string employment_start_date ) ) ( string <= ) ( call SW.ensureNumericEntity ( call SW.getProperty en.person.alice ( string birthdate ) ) ) ) ) ( call SW.domain ( string employee ) ) ) ( string employee ) ) )
find employees who have a start date that is at least the same as employee alices end date	( call SW.listValue ( call SW.getProperty ( ( lambda s ( call SW.filter ( var s ) ( call SW.ensureNumericProperty ( string employment_start_date ) ) ( string >= ) ( call SW.ensureNumericEntity ( call SW.getProperty ( call SW.getProperty en.person.alice ( call SW.reverse ( string employee ) ) ) ( string employment_end_date ) ) ) ) ) ( call SW.domain ( string employee ) ) ) ( string employee ) ) )
people that started school after alice started working	( call SW.listValue ( call SW.getProperty ( ( lambda s ( call SW.filter ( var s ) ( call SW.ensureNumericProperty ( string education_start_date ) ) ( string > ) ( call SW.ensureNumericEntity ( call SW.getProperty ( call SW.getProperty en.person.alice ( call SW.reverse ( string employee ) ) ) ( string employment_start_date ) ) ) ) ) ( call SW.domain ( string student ) ) ) ( string student ) ) )
people that are friends with someone that started working in or before 2004	( call SW.listValue ( call SW.filter ( call SW.getProperty ( call SW.singleton en.person ) ( string ! type ) ) ( string friend ) ( string = ) ( call SW.getProperty ( ( lambda s ( call SW.filter ( var s ) ( call SW.ensureNumericProperty ( string employment_start_date ) ) ( string <= ) ( call SW.ensureNumericEntity ( date 2004 -1 -1 ) ) ) ) ( call SW.domain ( string employee ) ) ) ( string employee ) ) ) )
relationship status of employee whose start date is not after 2004	( call SW.listValue ( call SW.filter ( call SW.getProperty ( call SW.singleton en.relationship_status ) ( string ! type ) ) ( call SW.reverse ( string relationship_status ) ) ( string = ) ( call SW.getProperty ( ( lambda s ( call SW.filter ( var s ) ( call SW.ensureNumericProperty ( string employment_start_date ) ) ( string <= ) ( call SW.ensureNumericEntity ( date 2004 -1 -1 ) ) ) ) ( call SW.domain ( string employee ) ) ) ( string employee ) ) ) )
gender of student whose end date is at least 2004	( call SW.listValue ( call SW.filter ( call SW.getProperty ( call SW.singleton en.gender ) ( string ! type ) ) ( call SW.reverse ( string gender ) ) ( string = ) ( call SW.getProperty ( ( lambda s ( call SW.filter ( var s ) ( call SW.ensureNumericProperty ( string education_end_date ) ) ( string >= ) ( call SW.ensureNumericEntity ( date 2004 -1 -1 ) ) ) ) ( call SW.domain ( string student ) ) ) ( string student ) ) ) )
employees whose last day was before or on alices last day	( call SW.listValue ( call SW.getProperty ( ( lambda s ( call SW.filter ( var s ) ( call SW.ensureNumericProperty ( string employment_end_date ) ) ( string <= ) ( call SW.ensureNumericEntity ( call SW.getProperty ( call SW.getProperty en.person.alice ( call SW.reverse ( string employee ) ) ) ( string employment_end_date ) ) ) ) ) ( call SW.domain ( string employee ) ) ) ( string employee ) ) )
what is the students relationship status who ended earlier than 2004	( call SW.listValue ( call SW.filter ( call SW.getProperty ( call SW.singleton en.relationship_status ) ( string ! type ) ) ( call SW.reverse ( string relationship_status ) ) ( string = ) ( call SW.getProperty ( ( lambda s ( call SW.filter ( var s ) ( call SW.ensureNumericProperty ( string education_end_date ) ) ( string < ) ( call SW.ensureNumericEntity ( date 2004 -1 -1 ) ) ) ) ( call SW.domain ( string student ) ) ) ( string student ) ) ) )
students who did not start in 2004	( call SW.listValue ( call SW.getProperty ( ( lambda s ( call SW.filter ( var s ) ( string education_start_date ) ( string ! = ) ( date 2004 -1 -1 ) ) ) ( call SW.domain ( string student ) ) ) ( string student ) ) )
find friends of people who were born in 2004	( call SW.listValue ( call SW.filter ( call SW.getProperty ( call SW.singleton en.person ) ( string ! type ) ) ( call SW.reverse ( string friend ) ) ( string = ) ( call SW.filter ( call SW.getProperty ( call SW.singleton en.person ) ( string ! type ) ) ( string birthdate ) ( string = ) ( date 2004 -1 -1 ) ) ) )
person with the most friends	( call SW.listValue ( call SW.countSuperlative ( call SW.getProperty ( call SW.singleton en.person ) ( string ! type ) ) ( string max ) ( string friend ) ( call SW.getProperty ( call SW.singleton en.person ) ( string ! type ) ) ) )
person born after alice graduated	( call SW.listValue ( call SW.filter ( call SW.getProperty ( call SW.singleton en.person ) ( string ! type ) ) ( call SW.ensureNumericProperty ( string birthdate ) ) ( string >= ) ( call SW.ensureNumericEntity ( call SW.getProperty ( call SW.getProperty en.person.alice ( call SW.reverse ( string student ) ) ) ( string education_end_date ) ) ) ) )
find all of alices friends who are currently online	( call SW.listValue ( call SW.filter ( call SW.filter ( call SW.getProperty ( call SW.singleton en.person ) ( string ! type ) ) ( string logged_in ) ) ( string friend ) ( string = ) en.person.alice ) )
what employee was hired last	( call SW.listValue ( call SW.getProperty ( ( lambda s ( call SW.superlative ( var s ) ( string min ) ( call SW.ensureNumericProperty ( string employment_start_date ) ) ) ) ( call SW.domain ( string employee ) ) ) ( string employee ) ) )
online male member	( call SW.listValue ( call SW.filter ( call SW.filter ( call SW.getProperty ( call SW.singleton en.person ) ( string ! type ) ) ( string logged_in ) ) ( string gender ) ( string = ) en.gender.male ) )
student who finishes before 2004 or 2010	( call SW.listValue ( call SW.getProperty ( ( lambda s ( call SW.filter ( var s ) ( call SW.ensureNumericProperty ( string education_end_date ) ) ( string < ) ( call SW.ensureNumericEntity ( call SW.concat ( date 2004 -1 -1 ) ( date 2010 -1 -1 ) ) ) ) ) ( call SW.domain ( string student ) ) ) ( string student ) ) )
name a person born in 2004 who is friends with alice	( call SW.listValue ( call SW.filter ( call SW.filter ( call SW.getProperty ( call SW.singleton en.person ) ( string ! type ) ) ( call SW.reverse ( string friend ) ) ( string = ) en.person.alice ) ( string birthdate ) ( string = ) ( date 2004 -1 -1 ) ) )
is the person single	( call SW.listValue ( call SW.filter ( call SW.getProperty ( call SW.singleton en.relationship_status ) ( string ! type ) ) ( call SW.reverse ( string relationship_status ) ) ( string = ) ( call SW.filter ( call SW.getProperty ( call SW.singleton en.person ) ( string ! type ) ) ( string relationship_status ) ( string = ) en.relationship_status.single ) ) )
people that have the least number of relationship statuses	( call SW.listValue ( call SW.countSuperlative ( call SW.getProperty ( call SW.singleton en.person ) ( string ! type ) ) ( string min ) ( string relationship_status ) ) )
what employee has a start date that is the same as the end date of alice	( call SW.listValue ( call SW.getProperty ( ( lambda s ( call SW.filter ( var s ) ( string employment_start_date ) ( string = ) ( call SW.getProperty ( call SW.getProperty en.person.alice ( call SW.reverse ( string student ) ) ) ( string education_end_date ) ) ) ) ( call SW.domain ( string employee ) ) ) ( string employee ) ) )
what are the relationship statuses of people that are currently online	( call SW.listValue ( call SW.filter ( call SW.getProperty ( call SW.singleton en.relationship_status ) ( string ! type ) ) ( call SW.reverse ( string relationship_status ) ) ( string = ) ( call SW.filter ( call SW.getProperty ( call SW.singleton en.person ) ( string ! type ) ) ( string logged_in ) ) ) )
find employees who have a start day at the same time as alices birthdate	( call SW.listValue ( call SW.getProperty ( ( lambda s ( call SW.filter ( var s ) ( string employment_start_date ) ( string = ) ( call SW.getProperty en.person.alice ( string birthdate ) ) ) ) ( call SW.domain ( string employee ) ) ) ( string employee ) ) )
which people are friends with employees who strated before 2004	( call SW.listValue ( call SW.filter ( call SW.getProperty ( call SW.singleton en.person ) ( string ! type ) ) ( string friend ) ( string = ) ( call SW.getProperty ( ( lambda s ( call SW.filter ( var s ) ( call SW.ensureNumericProperty ( string employment_start_date ) ) ( string < ) ( call SW.ensureNumericEntity ( date 2004 -1 -1 ) ) ) ) ( call SW.domain ( string employee ) ) ) ( string employee ) ) ) )
the person logged in who is born in 2004	( call SW.listValue ( call SW.filter ( call SW.filter ( call SW.getProperty ( call SW.singleton en.person ) ( string ! type ) ) ( string birthdate ) ( string = ) ( date 2004 -1 -1 ) ) ( string logged_in ) ) )
what is the employees relationship status who ended in 2004	( call SW.listValue ( call SW.filter ( call SW.getProperty ( call SW.singleton en.relationship_status ) ( string ! type ) ) ( call SW.reverse ( string relationship_status ) ) ( string = ) ( call SW.getProperty ( ( lambda s ( call SW.filter ( var s ) ( call SW.ensureNumericProperty ( string employment_end_date ) ) ( string >= ) ( call SW.ensureNumericEntity ( date 2004 -1 -1 ) ) ) ) ( call SW.domain ( string employee ) ) ) ( string employee ) ) ) )
all 180 cm tall people who studied computer science	( call SW.listValue ( call SW.filter ( call SW.filter ( call SW.getProperty ( call SW.singleton en.person ) ( string ! type ) ) ( string height ) ( string = ) ( number 180 en.cm ) ) ( string field_of_study ) ( string = ) en.field.computer_science ) )
people who went to brown university and are single	( call SW.listValue ( call SW.filter ( call SW.filter ( call SW.getProperty ( call SW.singleton en.person ) ( string ! type ) ) ( string height ) ( string = ) ( number 180 en.cm ) ) ( string university ) ( string = ) en.university.brown ) )
find birthplaces of students starting in 2004 and later	( call SW.listValue ( call SW.filter ( call SW.getProperty ( call SW.singleton en.city ) ( string ! type ) ) ( call SW.reverse ( string birthplace ) ) ( string = ) ( call SW.getProperty ( ( lambda s ( call SW.filter ( var s ) ( call SW.ensureNumericProperty ( string education_start_date ) ) ( string >= ) ( call SW.ensureNumericEntity ( date 2004 -1 -1 ) ) ) ) ( call SW.domain ( string student ) ) ) ( string student ) ) ) )
find me the gender of students who did not attend brown university	( call SW.listValue ( call SW.filter ( call SW.getProperty ( call SW.singleton en.gender ) ( string ! type ) ) ( call SW.reverse ( string gender ) ) ( string = ) ( call SW.getProperty ( ( lambda s ( call SW.filter ( var s ) ( string university ) ( string ! = ) en.university.brown ) ) ( call SW.domain ( string student ) ) ) ( string student ) ) ) )
what did alice study when she graduated in 2004	( call SW.listValue ( call SW.getProperty ( call SW.filter ( call SW.getProperty en.person.alice ( call SW.reverse ( string student ) ) ) ( string education_end_date ) ( string = ) ( date 2004 -1 -1 ) ) ( string field_of_study ) ) )
students who started on the same date as alice	( call SW.listValue ( call SW.getProperty ( ( lambda s ( call SW.filter ( var s ) ( string education_start_date ) ( string = ) ( call SW.getProperty ( call SW.getProperty en.person.alice ( call SW.reverse ( string student ) ) ) ( string education_start_date ) ) ) ) ( call SW.domain ( string student ) ) ) ( string student ) ) )
person who has a birthday before alice graduates	( call SW.listValue ( call SW.filter ( call SW.getProperty ( call SW.singleton en.person ) ( string ! type ) ) ( call SW.ensureNumericProperty ( string birthdate ) ) ( string > ) ( call SW.ensureNumericEntity ( call SW.getProperty ( call SW.getProperty en.person.alice ( call SW.reverse ( string student ) ) ) ( string education_end_date ) ) ) ) )
person who is friends with students who joined in and after 2004	( call SW.listValue ( call SW.filter ( call SW.getProperty ( call SW.singleton en.person ) ( string ! type ) ) ( string friend ) ( string = ) ( call SW.getProperty ( ( lambda s ( call SW.filter ( var s ) ( call SW.ensureNumericProperty ( string education_start_date ) ) ( string >= ) ( call SW.ensureNumericEntity ( date 2004 -1 -1 ) ) ) ) ( call SW.domain ( string student ) ) ) ( string student ) ) ) )
who was hired after alice quit	( call SW.listValue ( call SW.getProperty ( ( lambda s ( call SW.filter ( var s ) ( call SW.ensureNumericProperty ( string employment_start_date ) ) ( string < ) ( call SW.ensureNumericEntity ( call SW.getProperty ( call SW.getProperty en.person.alice ( call SW.reverse ( string student ) ) ) ( string education_end_date ) ) ) ) ) ( call SW.domain ( string employee ) ) ) ( string employee ) ) )
a friend of someone emplyed after 2004	( call SW.listValue ( call SW.filter ( call SW.getProperty ( call SW.singleton en.person ) ( string ! type ) ) ( call SW.reverse ( string friend ) ) ( string = ) ( call SW.getProperty ( ( lambda s ( call SW.filter ( var s ) ( call SW.ensureNumericProperty ( string employment_start_date ) ) ( string > ) ( call SW.ensureNumericEntity ( date 2004 -1 -1 ) ) ) ) ( call SW.domain ( string employee ) ) ) ( string employee ) ) ) )
people that stopped work after 2004 or after 2010	( call SW.listValue ( call SW.getProperty ( ( lambda s ( call SW.filter ( var s ) ( call SW.ensureNumericProperty ( string employment_end_date ) ) ( string > ) ( call SW.ensureNumericEntity ( call SW.concat ( date 2004 -1 -1 ) ( date 2010 -1 -1 ) ) ) ) ) ( call SW.domain ( string employee ) ) ) ( string employee ) ) )
find students whose last day is after alices first day	( call SW.listValue ( call SW.getProperty ( ( lambda s ( call SW.filter ( var s ) ( call SW.ensureNumericProperty ( string education_end_date ) ) ( string > ) ( call SW.ensureNumericEntity ( call SW.getProperty ( call SW.getProperty en.person.alice ( call SW.reverse ( string student ) ) ) ( string education_start_date ) ) ) ) ) ( call SW.domain ( string student ) ) ) ( string student ) ) )
when did alice start the job she left in 2004	( call SW.listValue ( call SW.getProperty ( call SW.filter ( call SW.getProperty en.person.alice ( call SW.reverse ( string employee ) ) ) ( string employment_end_date ) ( string = ) ( date 2004 -1 -1 ) ) ( string employment_start_date ) ) )
what gender is the online person	( call SW.listValue ( call SW.filter ( call SW.getProperty ( call SW.singleton en.gender ) ( string ! type ) ) ( call SW.reverse ( string gender ) ) ( string = ) ( call SW.filter ( call SW.getProperty ( call SW.singleton en.person ) ( string ! type ) ) ( string logged_in ) ) ) )
find me the student who left school before alice started	( call SW.listValue ( call SW.getProperty ( ( lambda s ( call SW.filter ( var s ) ( call SW.ensureNumericProperty ( string education_end_date ) ) ( string > ) ( call SW.ensureNumericEntity ( call SW.getProperty ( call SW.getProperty en.person.alice ( call SW.reverse ( string student ) ) ) ( string education_start_date ) ) ) ) ) ( call SW.domain ( string student ) ) ) ( string student ) ) )
where were the students of any field but computer science born	( call SW.listValue ( call SW.filter ( call SW.getProperty ( call SW.singleton en.city ) ( string ! type ) ) ( call SW.reverse ( string birthplace ) ) ( string = ) ( call SW.getProperty ( ( lambda s ( call SW.filter ( var s ) ( string field_of_study ) ( string ! = ) en.field.computer_science ) ) ( call SW.domain ( string student ) ) ) ( string student ) ) ) )
employees starting before or contemporaneous to alice	( call SW.listValue ( call SW.getProperty ( ( lambda s ( call SW.filter ( var s ) ( call SW.ensureNumericProperty ( string employment_start_date ) ) ( string <= ) ( call SW.ensureNumericEntity ( call SW.getProperty ( call SW.getProperty en.person.alice ( call SW.reverse ( string employee ) ) ) ( string employment_start_date ) ) ) ) ) ( call SW.domain ( string employee ) ) ) ( string employee ) ) )
which employees started no later than alices graduation day	( call SW.listValue ( call SW.getProperty ( ( lambda s ( call SW.filter ( var s ) ( call SW.ensureNumericProperty ( string employment_start_date ) ) ( string <= ) ( call SW.ensureNumericEntity ( call SW.getProperty ( call SW.getProperty en.person.alice ( call SW.reverse ( string student ) ) ) ( string education_end_date ) ) ) ) ) ( call SW.domain ( string employee ) ) ) ( string employee ) ) )
